excel_gene_value,reason_or_suggestion,decision,tom_notes
1p19q,"chromosomal co-deletion, not a single HGNC gene",,
H3-3A,valid HGNC — leave as-is? (double-check),,
LANA-1,"KSHV viral antigen, not a human HGNC gene",,
TDt,probably DNTT (terminal deoxynucleotidyl transferase),,
IGHV4-34,valid HGNC immunoglobulin variable segment — leave as-is?,,
IgH,should be IGH (immunoglobulin heavy locus)?,,
CDKN2A/B,"gene pair — split into CDKN2A + CDKN2B, or keep grouped?",,
HERV-K,"endogenous retrovirus, not HGNC",,
Napsin A,IHC marker (NAPSA) — split or keep clinical name?,,
TTF-1,IHC marker (NKX2-1) — split or keep?,,
p40,IHC marker (TP63 isoform) — collapse to TP63?,,
p63,IHC marker (TP63) — rename to TP63?,,
NTRK 1/2/3,gene family — split into NTRK1/2/3 or remove (already exist)?,,
MTCP1-B1,check — MTCP1 is HGNC but MTCP1-B1 isn't standard,,
IKZF1 p.N159Y,mutation-specific row — separate entry by design?,,
IKZF1plus,"risk classification label, not a gene — keep?",,
TP53 p.R248Q,mutation-specific row — separate entry by design?,,
ZEB2 p.H1038R,mutation-specific row — separate entry by design?,,
BLM/RECQL3,BLM is HGNC; RECQL3 is legacy name for BLM — merge?,,
IDH1/2,gene pair — split into IDH1 + IDH2?,,
