this is the mapping without any fixes to the major names. this is only using existing names in the systme of our version of our app,,,,,,,
MAJOR_CANCER_NAMES (pre 9.25.2024),SEARCH KEYWORDS  (pre 9.25.2024) ,Acronyms,Genes ,Subtypes (pre 9.25.2024),POC Mapping  (pre 9.25.2024),Seer.cancer.gov,NCCN
Ampullary Adenocarcinoma,"ampullary, ampulla of vater, periampullary, ampulla",–,KRAS,"Ampullary cancer, Carcinoma of the ampulla of Vater, Ampulla of Vater carcinoma, Periampullary carcinoma, Ampullary adenocarcinoma, Periampullary cancer, Ampullary carcinoma, Ampullary neuroendocrine tumor, Ampullary small cell carcinoma, Ampullary squamous cell carcinoma, Mixed ampullary adenocarcinoma, Papillary ampullary carcinoma, Intestinal-type ampullary adenocarcinoma, Pancreatobiliary-type ampullary adenocarcinoma",Ampullary Adenocarcinoma,,Ampullary Adenocarcinoma
Adrenal Cancer and Neuroendocrine Tumors,"adrenal, adrenocortical, Pheochromocytoma, neuroendocrine, carcinoid, Paraganglioma","ACC (Adrenocortical Carcinoma), NET, NETs (Neuroendocrine Tumors), PHEO (Pheochromocytoma), PGL (Paraganglioma)",KRAS,"Adrenal cancer, Adrenal cortical carcinoma, Adrenal cortex cancer, Adrenal carcinoma, Adrenocortical carcinoma, Adrenocortical cancer, Adrenal gland cancer, Adrenal cortical adenoma, Adrenal neuroblastoma, Adrenal pheochromocytoma, Adrenal gland carcinoma, Neuroendocrine tumor, Carcinoid cancer, Carcinoid neoplasm, Gastrointestinal carcinoid tumor, Lung carcinoid tumor, Bronchial carcinoid tumor, Appendiceal carcinoid tumor, Rectal carcinoid tumor, Gastric carcinoid tumor, Ileal carcinoid tumor, Foregut carcinoid tumor, Midgut carcinoid tumor, Hindgut carcinoid tumor, Atypical carcinoid tumor, Typical carcinoid tumor, Pheochromocytoma, Paraganglioma, Adrenal cortical carcinoma, Neuroendocrine tumor, Adrenal adenoma, Adrenal carcinoma, Adrenal neuroblastoma, neuroendocrine cancer","Adrenal Cancer, Neuroendocrine and Adrenal Tumors, Carcinoid Tumors",,Neuroendocrine and Adrenal Tumors
Anal Cancer,"anal, Anorectal, anus, cloacogenic",–,KRAS,"Anal cancer, Anal carcinoma, Squamous cell carcinoma of the anus, Anorectal cancer, Anal canal cancer, Basaloid carcinoma of the anus, Cloacogenic carcinoma, Mucinous adenocarcinoma of the anus, Paget‚Äôs disease of the anus, Melanoma of the anus, Adenocarcinoma of the anus, Basal cell carcinoma of the anus, Transitional cell carcinoma of the anus",Anal Cancer,Anus,Anal Carcinoma
Appendix Cancer,"appendix, Appendiceal, goblet cell, pseudomyxoma peritonei",–,#N/A,"Appendix cancer, Appendix carcinoma, Appendiceal cancer, Appendiceal carcinoma, Cancer of the appendix, Mucinous adenocarcinoma of the appendix, Goblet cell carcinoma, Signet ring cell carcinoma of the appendix, Pseudomyxoma peritonei, Neuroendocrine tumor of the appendix, Carcinoid tumor of the appendix, Adenocarcinoid tumor of the appendix",Appendix Cancer,,
Bladder Cancer,"bladder, urothelial, urinary","UC (Urothelial Carcinoma), MIBC (Muscle-Invasive Bladder Cancer), NMIBC (Non-Muscle-Invasive Bladder Cancer)","FGFR3, HRAS","Bladder cancer, Bladder carcinoma, Urothelial carcinoma, Transitional cell carcinoma, Bladder urothelial carcinoma, Squamous cell carcinoma of the bladder, Adenocarcinoma of the bladder, Small cell carcinoma of the bladder, Sarcomatoid carcinoma of the bladder, Micropapillary carcinoma of the bladder, Plasmacytoid carcinoma of the bladder, Nested variant of urothelial carcinoma",Bladder Cancer,Bladder,Bladder Cancer
Bone and Joint Cancers,"bone, joint, osteo, ewing's, osteosarcoma, chondrosarcoma, chordoma, ewing, chondro, osteoblastoma, osteoclastoma, askin, spine, adamantinoma, neuroectodermal, osseous, synovial, synovium, fibrosarcoma","OS (Osteosarcoma), ES/EWS (Ewing Sarcoma), CS/ChS (Chondrosarcoma)",IDH1,"Bone and Joint cancers, Osteosarcoma, Ewing's sarcoma, Chondrosarcoma, Bone cancer, Joint cancer, Fibrosarcoma of bone, Adamantinoma, Giant cell tumor of bone, Chordoma, Malignant fibrous histiocytoma of bone, Angiosarcoma of bone, Hemangioendothelioma of bone, Osteoblastoma, Osteoclastoma, Metastatic bone cancer, Primary bone lymphoma, Ewing's sarcoma, Ewing's sarcoma family of tumors, Ewing's sarcoma of the bone, Ewing's sarcoma of the soft tissue, Peripheral primitive neuroectodermal tumor, Askin tumor, Extraosseous Ewing's sarcoma, Ewing's sarcoma/PNET, Ewing's sarcoma of the pelvis, Ewing's sarcoma of the spine, Ewing Sarcoma, synovial sarcoma, synovium, fibrosarcoma","Bone and Joint Cancers, Ewing Sarcoma",Bone and Joint,Bone Cancer
Brain and Other Nervous System,"brain, glioma, meningioma, astrocytoma, nervous system, Glioblastoma, Medulloblastoma, Oligodendroglioma, Ependymoma, Pituitary, Schwannoma, Craniopharyngioma, central nervous, nervous system, teratoid","GBM (Glioblastoma), AA (Anaplastic Astrocytoma), ODG (Oligodendroglioma), CNSL (Primary CNS Lymphoma), MB (Medulloblastoma)","BRAF, EGFR, IDH1, IDH2, PTCH1, TSC1","Brain tumor, Glioma, Meningioma, Astrocytoma, Nervous system tumors, brain cancer, nervous system cancer, central nervous system cancer, Glioblastoma, Medulloblastoma, Oligodendroglioma, Ependymoma, Pituitary tumor, Schwannoma, Craniopharyngioma, Atypical Teratoid/Rhabdoid Tumor, diffuse intrinsic pontine glioma (DIPG), Brain stem glioma, Malignant Glioma",Brain and Other Nervous System,Brain and Other Nervous System,Central Nervous System Cancers
Breast Cancer,"breast, breasts, ducts, ductal, Lobular, Mammary, Tubular carcinoma, Papillary, Phyllodes, triple-negative","TNBC (Triple-Negative Breast Cancer), ILC (Invasive Lobular Carcinoma), IDC (Invasive Ductal Carcinoma), HER2+ (HER2-positive Breast Cancer)","AKT1, ERBB2, ESR1, PIK3CA","Breast carcinoma, Ductal carcinoma in situ, DCIS, Invasive ductal carcinoma, Lobular carcinoma, Mammary cancer, Breast carcinoma, IDC, Invasive lobular carcinoma, ILC, Lobular carcinoma in situ, LCIS, Triple-negative breast cancer, TNBC, HER2-positive breast cancer, Hormone receptor-positive breast cancer, Tubular carcinoma, Medullary carcinoma, Inflammatory breast cancer, Paget's disease of the breast, Papillary carcinoma, Metaplastic breast cancer, Phyllodes tumor, Male Breast Cancer, Breast Cancer in Men",Breast Cancer,"Breast (Female), Female Breast Subtypes",Breast Cancer
Castleman Disease,"castleman, giant lymph node, angiofollicular",–,#N/A,"Unicentric Castleman disease, Multicentric Castleman disease, HHV-8-associated multicentric Castleman disease, Idiopathic multicentric Castleman disease, Castleman‚Äôs disease, Angiofollicular lymph node hyperplasia, Giant lymph node hyperplasia",Castleman Disease,,Castleman Disease
Colorectal Cancer,"colon, colorectum, colorectal, rectal, polyposis, rectum",CRC (Colorectal Cancer),"BRAF, EGFR, ERBB2, KRAS, POLD1, POLE","Colon cancer, Rectal cancer, Colorectal adenocarcinoma, Colorectal carcinoma, Hereditary nonpolyposis colorectal cancer, Familial adenomatous polyposis, Mucinous adenocarcinoma of the colon, Signet ring cell carcinoma of the colon, Colorectal signet ring cell carcinoma, Colorectal mucinous adenocarcinoma, Colorectal neuroendocrine tumor, Anal squamous cell carcinoma, Colorectal small cell carcinoma",Colorectal Cancer,Colon and Rectum,"Colon Cancer, Rectal Cancer"
Esophageal Cancer,"esophageal, esophagus, gastroesophageal","ESCC (Esophageal Squamous Cell Carcinoma), EAC (Esophageal Adenocarcinoma)","ERBB2, KRAS, SMARCA4","Esophageal carcinoma, Esophageal adenocarcinoma, Esophageal squamous cell carcinoma, Barrett's esophagus-related adenocarcinoma, Gastroesophageal junction adenocarcinoma, Esophageal small cell carcinoma, Esophageal large cell carcinoma, Esophageal adenosquamous carcinoma, Esophageal undifferentiated carcinoma, Esophageal neuroendocrine carcinoma, Esophageal mucoepidermoid carcinoma, Esophageal basaloid carcinoma, Esophageal sarcoma",Esophageal Cancer,Esophagus,Esophageal and Esophagogastric Junction Cancers
Gallbladder Cancer,"gallbladder, gall bladder",–,#N/A,"Gallbladder carcinoma, Adenocarcinoma of the gallbladder, Gallbladder adenocarcinoma, Gallbladder squamous cell carcinoma, Gallbladder adenosquamous carcinoma, Gallbladder small cell carcinoma, Gallbladder neuroendocrine carcinoma, Gallbladder large cell carcinoma, Gallbladder mucinous carcinoma, Gallbladder papillary carcinoma, Gallbladder sarcoma, gallbladder cancer, gall bladder cancer",Gallbladder Cancer,,
Gastric (Stomach) Cancer,"gastric, stomach","GC (Gastric Cancer), EGC (Early Gastric Cancer)",#N/A,"Gastric carcinoma, Gastric adenocarcinoma, Stomach cancer, Gastric lymphoma, Gastrointestinal stromal tumor of the stomach, Gastric small cell carcinoma, Gastric large cell carcinoma, Gastric neuroendocrine carcinoma, Gastric signet ring cell carcinoma, Gastric mucinous carcinoma, Gastric undifferentiated carcinoma, Gastric adenosquamous carcinoma, Gastric papillary adenocarcinoma, Gastric medullary carcinoma, Gastric sarcoma, gastric cancer, hereditary diffuse gastric cancer",Gastric (Stomach) Cancer,Stomach,Gastric Cancer
Gastrointestinal Stromal Tumors,"small bowel, gastrointestinal stromal tumor",GIST (Gastrointestinal Stromal Tumor),"KIT, PDGFRA","GIST, Gastrointestinal stromal tumor, Gastric GIST, Small bowel GIST, Rectal GIST, Esophageal GIST, Duodenal GIST, Jejunal GIST, Ileal GIST, Colorectal GIST, GIST with KIT mutation, GIST with PDGFRA mutation",Gastrointestinal Stromal Tumors,,Gastrointestinal Stromal Tumors
Gestational Cancers,"gestational, gestation, hydatidiform, choriocarcinoma, partial mole, trophoblastic, Invasive mole, complete mole, placental","GTD (Gestational Trophoblastic Disease), CHM (Complete Hydatidiform Mole), PHM (Partial Hydatidiform Mole), CC (Choriocarcinoma)",#N/A,"Gestational trophoblastic disease, Gestational trophoblastic neoplasia, Choriocarcinoma, Hydatidiform mole, Complete mole, Partial mole, Placental-site trophoblastic tumor, Epithelioid trophoblastic tumor, Invasive mole, gestational cancer",Gestational Cancers,,Gestational Trophoblastic Neoplasia
Gynecological Cancers,"ovarian, cervical, uterine, endometrial, vaginal, vulvar, fallopian tube, ovary, ovaries, cervix, gynecological, vagina, uterus, vulva, endometrioid, endometriosis, endometrium","OC (Ovarian Cancer), EOC (Epithelial Ovarian Cancer), HGSOC (High-Grade Serous Ovarian Cancer), LGSOC (Low-Grade Serous Ovarian Cancer), CC (Cervical Cancer), EC (Endometrial Cancer), UCS (Uterine Carcinosarcoma), VC (Vulvar Cancer)","AKT1, BRAF, BRCA1, KRAS, PPP2R1A, TSC2","Ovarian cancer, Cervical cancer, Uterine cancer, Endometrial cancer, Vaginal cancer, Vulvar cancer, Fallopian tube cancer, Ovarian epithelial cancer, Ovarian germ cell tumor, Ovarian stromal tumor, Clear cell carcinoma of the ovary, Serous carcinoma of the ovary, Endometrioid carcinoma, Mucinous carcinoma of the ovary, Squamous cell carcinoma of the cervix, Adenocarcinoma of the cervix, gynecological cancer, yolk sac tumor of the ovaries, teratoma of the ovaries, Leydig cell tumor of the ovaries, Sertoli cell tumor of the ovaries, Ovarian Low Malignant Potential Tumor, Primary Peritoneal Cancer, Uterine Sarcoma",Gynecological Cancers,"Uterus, Vulva, Ovary, Cervix Uteri","Ovarian Cancer/Fallopian Tube Cancer/Primary Peritoneal Cancer, Cervical Cancer, Uterine Neoplasms, Vaginal Cancer, Vulvar Cancer"
Head and Neck Cancers,"Oral, Oropharyngeal, Nasopharyngeal, Laryngeal, Hypopharyngeal, Salivary gland, Paranasal sinus, Nasal cavity, Lip, Tongue, Tonsil, Soft palate, Hard palate, Floor of mouth, Gum cancer, Jaw cancer, Throat cancer, of the throat, Vocal cord, Glottic, Supraglottic, Subglottic, head and neck cancer, head and neck, Esthesioneuroblastoma, mouth, nasal, sinous, neck, adenoid cystic","HNC (Head and Neck Cancer), NPC (Nasopharyngeal Carcinoma), OPSCC (Oropharyngeal Squamous Cell Carcinoma), LSCC (Laryngeal SCC)",HRAS,"Oral cancer, Oropharyngeal cancer, Nasopharyngeal cancer, Laryngeal cancer, Hypopharyngeal cancer, Salivary gland cancer, Paranasal sinus cancer, Nasal cavity cancer, Lip cancer, Tongue cancer, Tonsil cancer, Soft palate cancer, Hard palate cancer, Floor of mouth cancer, Gum cancer, Jaw cancer, Throat cancer, Vocal cord cancer, Glottic cancer, Supraglottic cancer, Subglottic cancer, head and neck cancer, Esthesioneuroblastoma, metastatic squamous neck cancer occult primary, Adenoid Cystic Carcinoma",Head and Neck Cancers,"Larynx, Oral Cavity and Pharynx, Lip, Tongue",Head and Neck Cancers
Hematological Malignancies,"Langerhans, histiocytosis, Erdheim-Chester, xanthogranuloma, Rosai-Dorfman, Histiocytic, Hemophagocytic, lymphohistiocytosis, histiocytosis, hemophagocytic lymphohistiocytosis, leukemia, myeloid, blastic, plasmacytoid, neoplasm, lymphoma, Hodgkin, Hodgkin's, Non-Hodgkin, T-cell, Mycosis fungoides, b-cell, follicular, mantle cell, Burkitt, Marginal zone, Anaplastic large cell, B-cell, NK cell, Lymphoid, Mycosis fungoides, anemia, ringed sideroblasts, sideroblasts, excess blasts, cytopenia, myelodysplastic, eosinophilic, eosinophilia, multiple myeloma, Blast Phase, Myeloproliferative, Accelerated Phase, thrombocythemia, myelofibrosis, polycythemia vera, neutrophilic, amyloidosis, mastocytosis, mast cell, Macroglobulinemia, Waldenström’s, cHL, Multiple Myeloma, Beta thalassemia, thalassemia, mastocytosis, amyloidosis, mastocytosis, mast cell, lymphoblastic, hairy cell, Sézary, hematological malignancies, hematological malignancy, hematologic malignancy, hematologic malignancies, ","AML (Acute Myeloid Leukemia), ALL (Acute Lymphoblastic Leukemia), APL (Acute Promyelocytic Leukemia), CML (Chronic Myeloid Leukemia), CLL (Chronic Lymphocytic Leukemia), MPAL (Mixed Phenotype Acute Leukemia), MDS (Myelodysplastic Syndromes), MPN (Myeloproliferative Neoplasms), ET (Essential Thrombocythemia), PV (Polycythemia Vera), PMF (Primary Myelofibrosis), HCL (Hairy Cell Leukemia), FL (Follicular Lymphoma), DLBCL (Diffuse Large B-cell Lymphoma), MCL (Mantle Cell Lymphoma), MZL (Marginal Zone Lymphoma), iNHL (Indolent Non-Hodgkin Lymphoma), NHL (Non-Hodgkin Lymphoma), HL (Hodgkin Lymphoma), cHL (Classical Hodgkin Lymphoma), ALCL (Anaplastic Large Cell Lymphoma), PTCL (Peripheral T-cell Lymphoma), ATLL (Adult T-cell Leukemia/Lymphoma), BL (Burkitt Lymphoma), WM (Waldenström Macroglobulinemia), LPL (Lymphoplasmacytic Lymphoma), BPDCN (Blastic Plasmacytoid Dendritic Cell Neoplasm), CTCL (Cutaneous T-cell Lymphoma), SLL (Small Lymphocytic Lymphoma), T-PLL (T-cell Prolymphocytic Leukemia), PMBCL (Primary Mediastinal B-cell Lymphoma)","ABL1, ALK, ARAF, ASXL1, BCL10, BCL2, BCL6, BIRC3, BRAF, BTK, CALR, CARD11, CBFB, CBL, CCND1, CD274, CDKN2A, CEBPA, CIITA, CREBBP, CSF3R, CXCR4, DEK, DNMT3A, DUSP22, ETNK1, EZH2, FBXW7, FGFR3, FLT3, GATA1, IDH1, IDH2, IKZF1, IL3, IRF4, JAK2, KIT, KLF2, KMT2A, KMT2D, MALT1, MLLT10, MPL, MYC, MYD88, NPM1, NSD2, PDGFRA, PDGFRB, RARA, RBM15, RUNX1, SF3B1, SRSF2, TCL1B, TP53, U2AF1","Langerhans cell histiocytosis, Erdheim-Chester disease, Juvenile xanthogranuloma, Rosai-Dorfman disease, Histiocytic sarcoma, Hemophagocytic lymphohistiocytosis, Malignant histiocytosis, Familial hemophagocytic lymphohistiocytosis, Histiocytosis X, Langerhans cell sarcoma, histiocytic neoplasm, Acute lymphocytic leukemia, Acute myeloid leukemia, Chronic lymphocytic leukemia, Chronic myeloid leukemia, Hairy cell leukemia, Adult T-cell leukemia/lymphoma, Large granular lymphocytic leukemia, Juvenile myelomonocytic leukemia, Prolymphocytic leukemia, T-cell prolymphocytic leukemia, B-cell prolymphocytic leukemia, Plasma cell leukemia, Leukemia cutis, Myeloid sarcoma, Blastic plasmacytoid dendritic cell neoplasm, Acute promyelocytic leukemia, leukemia, Hodgkin lymphoma, Non-Hodgkin lymphoma, Diffuse large B-cell lymphoma, Follicular lymphoma, Mantle cell lymphoma, Burkitt lymphoma, Marginal zone lymphoma, T-cell lymphoma, Anaplastic large cell lymphoma, Primary mediastinal B-cell lymphoma, Cutaneous T-cell lymphoma, Peripheral T-cell lymphoma, B-cell lymphoma, T-cell prolymphocytic leukemia, Extranodal NK/T-cell lymphoma, MALT lymphoma, Mycosis fungoides, lymphoma, Multiple myeloma, Solitary plasmacytoma, Extramedullary plasmacytoma, Monoclonal gammopathy of undetermined significance, Light chain amyloidosis, Heavy chain disease, Plasma cell leukemia, Non-secretory myeloma, IgG myeloma, IgA myeloma, IgD myeloma, IgE myeloma, Biclonal myeloma, plasma cell neoplasm, Refractory anemia, Refractory anemia with ringed sideroblasts, Refractory anemia with excess blasts, Chronic myelomonocytic leukemia, Myelodysplastic syndrome with isolated del(5q), Refractory cytopenia with multilineage dysplasia, Refractory anemia with excess blasts-1, Refractory anemia with excess blasts-2, Myelodysplastic/myeloproliferative disease, Therapy-related myelod, myelodysplastic syndrome, Chronic eosinophilic leukemia, Chronic myelomonocytic leukemia with eosinophilia, Myeloproliferative neoplasms with eosinophilia, Acute myeloid leukemia with eosinophilia, Myelodysplastic/myeloproliferative neoplasms with eosinophilia, myeloid/lymphoid neoplasm, Chronic eosinophilic leukemia, Chronic myelomonocytic leukemia with eosinophilia, Myeloproliferative neoplasms with eosinophilia, Acute myeloid leukemia with eosinophilia, Myelodysplastic/myeloproliferative neoplasms with eosinophilia, myeloid/lymphoid neoplasm, Multiple myeloma, Solitary plasmacytoma, Extramedullary plasmacytoma, Non-secretory myeloma, Light chain myeloma, Heavy chain myeloma, Smoldering myeloma, IgG myeloma, IgA myeloma, IgD myeloma, IgE myeloma, myeloma, Chronic myeloid leukemia, Polycythemia vera, Essential thrombocythemia, Primary myelofibrosis, Chronic neutrophilic leukemia, Chronic eosinophilic leukemia, Hypereosinophilic syndrome, Mastocytosis, Myeloproliferative neoplasm, Unclassified myeloproliferative neoplasm, Primary amyloidosis, AL amyloidosis, Light chain amyloidosis, systemic light chain amyloidosis, Cutaneous mastocytosis, Indolent systemic mastocytosis, Aggressive systemic mastocytosis, Mast cell leukemia, Systemic mast cell disease, systemic mastocytosis","Histiocytic Neoplasms, Leukemia, Lymphoma, Plasma Cell Neoplasms, Myelodysplastic Syndromes, Myeloid/Lymphoid Neoplasms with Eosinophilia and Tyrosine Kinase Gene Fusions, Myeloma, Myeloproliferative Neoplasms, Systemic Light Chain Amyloidosis, Systemic Mastocytosis","Leukemia, Acute Lymphocytic Leukemia (ALL), Acute Myeloid Leukemia (AML), Chronic Lymphocytic Leukemia (CLL), Chronic Myeloid Leukemia (CML), Hodgkin Lymphoma, Non-Hodgkin Lymphoma, Chronic Lymphocytic Leukemia/Small Lymphocytic Lymphoma (CLL/SLL), Diffuse Large B-Cell Lymphoma (DLBCL), Follicular Lymphoma, Myeloma","Histiocytic Neoplasms, Chronic Myeloid Leukemia, Hairy Cell Leukemia, Acute Lymphoblastic Leukemia, Acute Myeloid Leukemia, Chronic Lymphocytic Leukemia/Small Lymphocytic Lymphoma, Hodgkin Lymphoma, Primary Cutaneous Lymphomas, B-Cell Lymphomas, T-Cell Lymphomas, Waldenstr√∂m Macroglobulinemia / Lymphoplasmacytic Lymphoma, Multiple Myeloma, Myelodysplastic Syndromes, Myeloid/Lymphoid Neoplasms with Eosinophilia and Tyrosine Kinase Gene Fusions, Myeloproliferative Neoplasms, Systemic Light Chain Amyloidosis, Systemic Mastocytosis"
Kidney (Renal) and Urethral Cancers,"renal cell carcinoma, kidney, renal cell, Renal medullary, Collecting duct, Mucinous tubular, spindle cell carcinoma, renal, nephro, wilm's, wilms', wilm","RCC (Renal Cell Carcinoma), RMC (Renal Medullary Carcinoma), WT (Wilms Tumor)",#N/A,"Renal cell carcinoma, Urothelial carcinoma of the renal pelvis, Wilms tumor, Transitional cell carcinoma of the kidney, Clear cell renal cell carcinoma, Papillary renal cell carcinoma, Chromophobe renal cell carcinoma, Renal medullary carcinoma, Collecting duct carcinoma, Mucinous tubular and spindle cell carcinoma, Renal oncocytoma, Renal sarcoma, Urethral carcinoma, Urothelial carcinoma of the urethra, Urethral squamous cell carcinoma, Urethral adenocarcinoma, Urethral melanoma, Kidney cancer, Squamous cell carcinoma of the urethra, Transitional cell carcinoma of the urethra, Adenocarcinoma of the urethra, Small cell carcinoma of the urethra, Melanoma of the urethra, Sarcoma of the urethra, Basal cell carcinoma of the urethra",Kidney (Renal) and Urethral Cancers,Kidney and Renal Pelvis,Hepatocellular Carcinoma
Liver and Bile Duct Cancers,"Hepatocellular, Cholangiocarcinoma, liver cancer, Bile duct, Intrahepatic, Extrahepatic, Hepatoblastoma, Epithelioid hemangioendothelioma, Hepatic, Biliary, bile duct cancer, biliary duct, of the liver, liver tumor, liver tumour, liver, bile duct, cancer of the liver","HCC (Hepatocellular Carcinoma), CCA (Cholangiocarcinoma), ICC (Intrahepatic Cholangiocarcinoma), ECC (Extrahepatic Cholangiocarcinoma), BTC (Biliary Tract Cancer)","BRAF, ERBB2, FGFR2, IDH1, KRAS","Hepatocellular carcinoma, Cholangiocarcinoma, Liver cancer, Bile duct cancer, Intrahepatic cholangiocarcinoma, Extrahepatic cholangiocarcinoma, Hepatoblastoma, Fibrolamellar hepatocellular carcinoma, Angiosarcoma of the liver, Epithelioid hemangioendothelioma, Liver adenoma, Hepatic adenoma, Biliary papillomatosis, Gallbladder cancer, liver cancer, bile duct cancer, billiary duct cancer, cancer of the billiary duct, cancer of the bile duct",Liver and Bile Duct Cancers,Liver and Intrahepatic Bile Duct,"Biliary Tract Cancers, Hepatobiliary Cancers, Kidney Cancer"
Lung Cancers,"non-small cell, lung cancer, Bronchial, small cell lung cancer, of the lung, lung, pleuropulmonary, tracheobronchial, tracheal","NSCLC (Non-Small Cell Lung Cancer), SCLC (Small Cell Lung Cancer), LCLC (Large Cell Lung Cancer)","ALK, BRAF, EGFR, KRAS, MET, ROS1","Non-small cell lung cancer, Small cell lung cancer, Adenocarcinoma of the lung, Squamous cell carcinoma of the lung, Large cell carcinoma of the lung, Lung carcinoid tumor, Bronchial carcinoid tumor, Mesothelioma, Pleural mesothelioma, Pericardial mesothelioma, Metastatic lung cancer, Lung neuroendocrine tumor, Lung adenosquamous carcinoma, Lung sarcoma, lung cancer",Lung Cancers,Lung and Bronchus,"Non-Small Cell Lung Cancer, Small Cell Lung Cancer"
Mesothelioma,"mesothelioma, mesothelial tissue, mesothelial","MPM (Malignant Pleural Mesothelioma), MPeM (Malignant Peritoneal Mesothelioma)",#N/A,"Pleural mesothelioma, Peritoneal mesothelioma, Pericardial mesothelioma, Testicular mesothelioma, Malignant mesothelioma, Epithelioid mesothelioma, Sarcomatoid mesothelioma, Biphasic mesothelioma, Desmoplastic mesothelioma, Well-differentiated papillary mesothelioma, Cystic mesothelioma, mesothelioma",Mesothelioma,,"Mesothelioma: Peritoneal, Mesothelioma: Pleural"
Neuroblastoma,"Neuroblastoma, ganglioneuroblastoma, ganglioneuroma","NB (Neuroblastoma), GNB (Ganglioneuroblastoma), GN (Ganglioneuroma)",ALK,"Neuroblastoma, Ganglioneuroblastoma, Ganglioneuroma, Pediatric neuroblastoma, Adult neuroblastoma",Neuroblastoma,,Neuroblastoma
Occult Primary,"occult, unknown primary",CUP (Cancer of Unknown Primary),#N/A,"Carcinoma of unknown primary, Cancer of unknown primary, Occult carcinoma, Metastatic cancer of unknown primary, occult primary",Occult Primary,,Occult Primary
Ocular Cancers,"ocular, retinoblastoma, intraocular, conjunctival, uveal, iris, choroidal, choroid, melanocyte, eye cancer, optic, eye, of the eye","RB (Retinoblastoma), UM (Uveal Melanoma)",#N/A,"Ocular melanoma, Retinoblastoma, Intraocular lymphoma, Conjunctival melanoma, Uveal melanoma, Iris melanoma, Choroidal melanoma, Optic nerve glioma, Eye cancer, ocular cancer",Ocular Cancers,,Melanoma: Uveal
Pancreatic Cancer,"pancreatic, pancreas, islet","PDAC (Pancreatic Ductal Adenocarcinoma), PanNET (Pancreatic Neuroendocrine Tumor)","KRAS, NRG1, PALB2","Pancreatic ductal adenocarcinoma, Pancreatic cancer, Pancreatic carcinoma, Exocrine pancreatic cancer, Pancreatic acinar cell carcinoma, Pancreatic mucinous adenocarcinoma, pancreatic adenocarcinoma, Pancreatic adenocarcinoma, Pancreatic neuroendocrine tumor, Pancreatic ductal adenocarcinoma, Pancreatic acinar cell carcinoma, Pancreatic mucinous cystadenocarcinoma, Pancreatic pseudopapillary tumor, pancreatic cancer","Pancreatic Adenocarcinoma, Pancreatic Cancer",Pancreas,Pancreatic Adenocarcinoma
Pediatric Cancers,"childhood, nephroblastoma, wilms, teratoma, yolk sac, pediatric cancer, pediatric, teratoma, wilm's tumor, wilms', germ cell","WT (Wilms Tumor), NB (Neuroblastoma), RMS (Rhabdomyosarcoma), YST (Yolk Sac Tumor), GCT (Germ Cell Tumor), MB (Medulloblastoma), ES (Ewing Sarcoma)",#N/A,"Pediatric leukemia, Pediatric lymphoma, Pediatric neuroblastoma, Pediatric brain tumors, Pediatric osteosarcoma, Pediatric Ewing's sarcoma, Pediatric rhabdomyosarcoma, Pediatric retinoblastoma, Pediatric Wilms' tumor, Pediatric germ cell tumors, Pediatric hepatoblastoma, Wilms' tumor, Wilms Tumor, Wilm's Tumor, childhood leukemia, pediatric cancer",Pediatric Cancers,"Childhood Cancer, Childhood Brain and Other Nervous System (Ages 0‚Äì19), Childhood Leukemia (Ages 0‚Äì19)","Pediatric Acute Lymphoblastic Leukemia, Pediatric Aggressive Mature B-Cell Lymphomas, Pediatric Hodgkin Lymphoma, Wilms Tumor (Nephroblastoma), Pediatric Central Nervous System Cancers"
Penile Cancer,"penile, penis",PSCC (Penile Squamous Cell Carcinoma),#N/A,"Penile carcinoma, Squamous cell carcinoma of the penis, Penile adenocarcinoma, Penile melanoma, Penile verrucous carcinoma, Penile sarcoma, Penile basal cell carcinoma, Penile small cell carcinoma, penile cancer",Penile Cancer,,Penile Cancer
Prostate Cancer,"prostate, prostatic","PC (Prostate Cancer), PCa (Prostate Adenocarcinoma)",BRCA2,"Prostate adenocarcinoma, Prostate carcinoma, Prostate small cell carcinoma, Prostate neuroendocrine tumor, Prostate transitional cell carcinoma, prostate cancer",Prostate Cancer,Prostate,Prostate Cancer
Skin Cancers,"melanoma, squamous cell, merkel, dermatofibrosarcoma, cutaneous lymphoma, kaposi, sebaceous, paget's, skin, cutaneous horn, basal cell carcinoma, dermous, derm, non-melanoma, atypical mole syndrome","BCC (Basal Cell Carcinoma), cSCC (Cutaneous Squamous Cell Carcinoma), MCC (Merkel Cell Carcinoma)","BRAF, KIT, NRAS","Melanoma, Basal cell carcinoma, Squamous cell carcinoma, Merkel cell carcinoma, Dermatofibrosarcoma protuberans, Cutaneous lymphoma, Kaposi's sarcoma, Sebaceous carcinoma, Paget's disease of the skin, Cutaneous horn, skin cancer, non-melanoma skin cancer",Skin Cancers,Melanoma of the Skin,"Melanoma: Cutaneous, Basal Cell Skin Cancer, Kaposi Sarcoma, Merkel Cell Carcinoma, Squamous Cell Skin Cancer"
Small Instestine Cancers,"small intestine, ileal, jejunal, duodenal, small bowel",SiNET (Small Intestine Neuroendocrine Tumor),"KRAS, POLD1, POLE","Small intestine adenocarcinoma, Small bowel cancer, Small intestine cancer, Jejunal adenocarcinoma, Ileal adenocarcinoma, Duodenal adenocarcinoma, small bowel adenocarcinoma, Small intestine lymphoma, Small intestine sarcoma, Small intestine carcinoid tumor, Small intestine stromal tumor, small instestine cancer","Small Bowel Adenocarcinoma, Small Instestine Cancers",Small Intestine,Small Bowel Adenocarcinoma
Soft Tissue Cancers (including Heart),"soft tissue, liposarcoma, leiomyosarcoma, rhabdomyosarcoma, angiosarcoma, malignant fibrous, synovial, desmoid, synovium, fibrosarcoma, cardiac sarcoma, peripheral Nerve Sheath, Myxofibrosarcoma, Dermatofibrosarcoma Protuberans, Alveolar Soft Part Sarcoma, Clear Cell Sarcoma, Desmoplastic Small Round Cell Tumor, Undifferentiated Pleomorphic Sarcoma, Kaposi Sarcoma, Hemangiopericytoma, Spindle Cell Sarcoma, Infantile Fibrosarcoma, Myxoid Liposarcoma, Extraskeletal Ewing's Sarcoma, pericardium, epithelioid sarcoma, perivascular epithelioid cell, Mesenchymal Tumors, mesenchymal cancer, STS, RMS, LMS, UPS, PEComa","STS (Soft Tissue Sarcoma), RMS (Rhabdomyosarcoma), LMS (Leiomyosarcoma), UPS (Undifferentiated Pleomorphic Sarcoma), ASPS (Alveolar Soft Part Sarcoma), SS (Synovial Sarcoma)","ALK, CDK4, MDM2, NF1, SMARCB1, TSC2","Soft tissue sarcoma, Liposarcoma, Leiomyosarcoma, Rhabdomyosarcoma, Angiosarcoma, Malignant fibrous histiocytoma, Synovial sarcoma, Fibrosarcoma, Cardiac sarcoma, Heart cancer, Cardiac angiosarcoma, Cardiac rhabdomyosarcoma, Cardiac fibrosarcoma, soft tissue cancer, Advanced Epithelioid Sarcoma, Perivascular epithelioid cell tumor (PEComa), Mesenchymal Tumors",Soft Tissue Cancers (including Heart),Soft Tissue including Heart,"Dermatofibrosarcoma Protuberans, Soft Tissue Sarcoma"
Specific Syndromes,"lynch, li-fraumeni, von hippel-lindau, cowden, Peutz-Jeghers, hereditary diffuse, midline tract, syndrome, birt hogg dube, atypical mole, Juvenile Polyposis, overgrowth spectrum, birt-hogg, multiple endocrine, neurofibromatosis","LFS (Li-Fraumeni Syndrome), BHD (Birt–Hogg–Dubé Syndrome), MEN (Multiple Endocrine Neoplasia), NF1 (Neurofibromatosis type 1), NF2 (Neurofibromatosis type 2), VHL (von Hippel–Lindau), PJS (Peutz–Jeghers Syndrome), JPS (Juvenile Polyposis Syndrome), HDGC (Hereditary Diffuse Gastric Cancer)",#N/A,"Lynch syndrome, Li-Fraumeni syndrome, Von Hippel-Lindau syndrome, Multiple endocrine neoplasia, Cowden syndrome, Hereditary diffuse gastric cancer, Peutz-Jeghers syndrome, Familial adenomatous polyposis, Overgrowth Spectrum, Neurofibromatosis Type 1 ",Specific Syndromes,,
Testicular Cancer,"testicular, seminoma, non-seminoma, testes, teste","TGCT (Testicular Germ Cell Tumor), SEM (Seminoma), NSGCT (Non-Seminomatous Germ Cell Tumor)",#N/A,"Testicular germ cell tumor, Seminoma, Non-seminoma, Embryonal carcinoma, Yolk sac tumor, Choriocarcinoma, Teratoma, Testicular stromal tumor, Leydig cell tumor, Sertoli cell tumor, Testicular lymphoma, testicular cancer",Testicular Cancer,Testis,Testicular Cancer
Thymic Cancers,"thymoma, thymic","TET (Thymic Epithelial Tumor), THY (Thymoma, shorthand)",#N/A,"Thymoma, Thymic carcinoma, Thymic neuroendocrine tumor, Thymic carcinoid, Thymic small cell carcinoma, thymic cancer",Thymic Cancers,,Thymomas and Thymic Carcinomas
Thyroid Cancer,"thyroid, hurthle cell","PTC (Papillary Thyroid Carcinoma), FTC (Follicular Thyroid Carcinoma), MTC (Medullary Thyroid Carcinoma), ATC (Anaplastic Thyroid Carcinoma), HTC (Hürthle Cell Carcinoma)",RET,"Papillary thyroid carcinoma, Follicular thyroid carcinoma, Medullary thyroid carcinoma, Anaplastic thyroid carcinoma, Thyroid lymphoma, Hurthle cell carcinoma, Thyroid sarcoma, thyroid cancer",Thyroid Cancer,Thyroid,Thyroid Carcinoma
Solid tumors,"solid tumors, solid cancers, solid tumor, solid cancer",,,,,,